file_format_id,full_puid
8,x-fmt/1
11,x-fmt/2
13,x-fmt/3
14,x-fmt/4
15,x-fmt/5
16,x-fmt/6
17,x-fmt/7
18,x-fmt/8
19,x-fmt/9
20,x-fmt/10
27,x-fmt/11
28,x-fmt/12
40,x-fmt/13
41,x-fmt/14
42,x-fmt/15
43,x-fmt/16
44,x-fmt/17
45,x-fmt/18
48,x-fmt/19
49,x-fmt/20
50,x-fmt/21
51,x-fmt/22
52,x-fmt/23
53,x-fmt/24
55,x-fmt/25
56,x-fmt/26
57,x-fmt/27
59,x-fmt/28
60,x-fmt/29
61,x-fmt/30
62,x-fmt/31
63,x-fmt/32
64,x-fmt/33
65,x-fmt/34
66,x-fmt/35
67,x-fmt/36
68,x-fmt/37
69,x-fmt/38
70,x-fmt/39
71,x-fmt/40
72,x-fmt/41
73,x-fmt/42
74,x-fmt/43
75,x-fmt/44
76,x-fmt/45
77,x-fmt/46
78,x-fmt/47
79,x-fmt/48
80,x-fmt/49
82,x-fmt/50
83,x-fmt/51
85,x-fmt/52
86,fmt/122
87,x-fmt/53
88,x-fmt/54
89,x-fmt/55
90,x-fmt/56
91,x-fmt/57
95,x-fmt/58
100,x-fmt/59
101,x-fmt/60
102,x-fmt/61
103,x-fmt/62
104,x-fmt/63
105,x-fmt/64
106,x-fmt/65
107,x-fmt/66
108,x-fmt/67
109,x-fmt/68
110,x-fmt/69
111,x-fmt/70
112,x-fmt/71
114,x-fmt/72
115,x-fmt/73
116,x-fmt/74
117,x-fmt/75
118,x-fmt/76
119,x-fmt/77
120,x-fmt/78
121,x-fmt/79
122,x-fmt/80
125,x-fmt/81
126,x-fmt/82
127,x-fmt/83
129,x-fmt/84
130,x-fmt/85
131,x-fmt/86
132,x-fmt/87
133,x-fmt/88
134,fmt/125
135,fmt/126
136,x-fmt/89
137,x-fmt/90
138,x-fmt/91
139,x-fmt/92
140,x-fmt/93
141,x-fmt/94
143,x-fmt/95
144,x-fmt/96
145,x-fmt/97
146,x-fmt/98
147,x-fmt/99
148,x-fmt/100
149,x-fmt/101
150,x-fmt/102
151,x-fmt/103
152,x-fmt/104
153,x-fmt/105
154,x-fmt/106
155,x-fmt/107
156,x-fmt/108
158,x-fmt/109
162,x-fmt/110
163,x-fmt/111
164,x-fmt/112
165,x-fmt/113
166,x-fmt/114
167,x-fmt/115
168,x-fmt/116
169,x-fmt/117
170,x-fmt/118
171,x-fmt/119
175,x-fmt/120
176,x-fmt/121
177,x-fmt/122
178,x-fmt/123
179,x-fmt/124
180,x-fmt/125
181,x-fmt/126
182,x-fmt/127
186,x-fmt/128
188,x-fmt/129
189,x-fmt/130
190,x-fmt/131
191,x-fmt/132
192,x-fmt/133
193,x-fmt/134
194,x-fmt/135
195,x-fmt/136
197,x-fmt/137
198,x-fmt/138
199,x-fmt/139
201,x-fmt/140
202,x-fmt/141
203,x-fmt/142
204,x-fmt/143
205,x-fmt/144
206,x-fmt/145
207,x-fmt/146
208,x-fmt/147
209,x-fmt/148
210,x-fmt/149
211,x-fmt/150
213,x-fmt/151
214,x-fmt/152
215,x-fmt/153
216,x-fmt/154
218,x-fmt/155
219,x-fmt/156
221,x-fmt/157
222,x-fmt/158
223,x-fmt/159
227,x-fmt/160
228,x-fmt/161
229,x-fmt/162
235,x-fmt/163
236,x-fmt/164
237,x-fmt/165
238,x-fmt/166
239,x-fmt/167
240,x-fmt/168
241,x-fmt/169
242,x-fmt/170
244,x-fmt/171
245,x-fmt/172
246,x-fmt/173
247,x-fmt/174
248,x-fmt/175
249,x-fmt/176
250,x-fmt/177
251,x-fmt/178
252,x-fmt/179
253,x-fmt/180
254,x-fmt/181
255,x-fmt/182
256,x-fmt/183
257,x-fmt/184
258,x-fmt/185
259,x-fmt/186
260,x-fmt/187
261,x-fmt/188
262,x-fmt/189
263,x-fmt/190
264,x-fmt/191
265,x-fmt/192
266,x-fmt/193
267,x-fmt/194
268,x-fmt/195
269,x-fmt/196
271,x-fmt/197
272,x-fmt/198
273,x-fmt/199
274,x-fmt/200
275,x-fmt/201
279,x-fmt/202
281,x-fmt/203
284,x-fmt/204
285,x-fmt/205
286,x-fmt/206
287,x-fmt/207
289,x-fmt/208
290,x-fmt/209
291,x-fmt/210
292,x-fmt/211
299,x-fmt/212
300,x-fmt/213
302,x-fmt/214
304,x-fmt/215
306,x-fmt/216
308,x-fmt/217
309,x-fmt/218
310,x-fmt/219
311,x-fmt/220
313,x-fmt/221
314,x-fmt/222
315,x-fmt/223
316,x-fmt/224
317,x-fmt/225
318,x-fmt/226
319,x-fmt/227
320,x-fmt/228
321,x-fmt/229
322,x-fmt/230
323,x-fmt/231
324,x-fmt/232
325,x-fmt/233
326,x-fmt/234
328,x-fmt/235
331,fmt/124
332,fmt/123
342,x-fmt/236
343,x-fmt/237
350,x-fmt/238
351,x-fmt/239
352,x-fmt/240
353,x-fmt/241
355,x-fmt/242
359,x-fmt/243
360,x-fmt/244
361,x-fmt/245
362,x-fmt/246
363,x-fmt/247
364,x-fmt/248
365,x-fmt/249
366,x-fmt/250
367,x-fmt/251
370,x-fmt/252
371,x-fmt/253
372,x-fmt/254
373,x-fmt/255
374,x-fmt/256
375,x-fmt/257
376,x-fmt/258
377,x-fmt/259
378,x-fmt/260
379,x-fmt/261
380,x-fmt/262
382,x-fmt/263
384,x-fmt/264
385,x-fmt/265
386,x-fmt/266
387,x-fmt/267
388,x-fmt/268
389,x-fmt/269
402,x-fmt/270
403,x-fmt/271
404,x-fmt/272
405,x-fmt/273
406,x-fmt/274
407,x-fmt/275
408,x-fmt/276
422,x-fmt/277
424,x-fmt/278
425,x-fmt/279
429,x-fmt/280
430,x-fmt/281
433,x-fmt/282
434,x-fmt/283
435,x-fmt/284
436,x-fmt/285
437,x-fmt/286
438,x-fmt/287
439,x-fmt/288
440,x-fmt/289
441,x-fmt/290
444,x-fmt/291
445,x-fmt/292
446,x-fmt/293
447,x-fmt/294
448,x-fmt/295
449,x-fmt/296
450,x-fmt/297
451,x-fmt/298
452,x-fmt/299
453,x-fmt/300
455,x-fmt/301
456,x-fmt/302
457,x-fmt/303
458,x-fmt/304
463,x-fmt/305
464,x-fmt/306
465,x-fmt/307
466,x-fmt/308
467,x-fmt/309
468,x-fmt/310
469,x-fmt/311
470,x-fmt/312
472,x-fmt/313
473,x-fmt/314
474,x-fmt/315
475,x-fmt/316
476,x-fmt/317
477,x-fmt/318
478,x-fmt/319
482,x-fmt/320
483,x-fmt/321
485,x-fmt/322
486,x-fmt/323
487,x-fmt/324
488,x-fmt/325
489,x-fmt/326
490,x-fmt/327
491,x-fmt/328
492,x-fmt/329
493,x-fmt/330
494,x-fmt/331
495,x-fmt/332
496,x-fmt/333
497,x-fmt/334
498,x-fmt/335
499,x-fmt/336
500,x-fmt/337
501,x-fmt/338
503,x-fmt/339
504,x-fmt/340
505,x-fmt/341
506,x-fmt/342
507,x-fmt/343
508,x-fmt/344
509,x-fmt/345
510,x-fmt/346
511,x-fmt/347
512,x-fmt/348
513,x-fmt/349
514,x-fmt/350
515,x-fmt/351
516,x-fmt/352
518,x-fmt/353
520,x-fmt/354
521,x-fmt/355
522,x-fmt/356
523,x-fmt/357
524,x-fmt/358
525,x-fmt/359
526,x-fmt/360
527,x-fmt/361
528,x-fmt/362
529,x-fmt/363
530,x-fmt/364
531,x-fmt/365
532,fmt/160
533,x-fmt/367
538,x-fmt/368
539,x-fmt/369
542,x-fmt/370
547,x-fmt/371
548,x-fmt/372
549,x-fmt/373
552,x-fmt/374
553,x-fmt/375
554,x-fmt/376
555,x-fmt/377
556,x-fmt/378
557,x-fmt/379
558,x-fmt/380
559,x-fmt/381
609,fmt/7
610,fmt/8
611,fmt/9
612,fmt/10
613,fmt/14
614,fmt/15
615,fmt/16
616,fmt/17
617,fmt/18
618,fmt/19
619,fmt/3
620,fmt/4
621,fmt/86
622,fmt/87
623,fmt/88
624,fmt/89
625,fmt/90
626,fmt/45
627,fmt/46
628,fmt/47
629,fmt/48
630,fmt/49
631,fmt/50
632,fmt/51
633,fmt/52
634,fmt/91
635,fmt/92
637,fmt/20
638,fmt/101
639,fmt/97
640,fmt/98
641,fmt/99
642,fmt/100
643,fmt/102
644,fmt/103
645,fmt/96
646,fmt/104
647,fmt/105
648,fmt/106
649,fmt/107
650,fmt/108
651,fmt/109
652,fmt/110
653,x-fmt/382
654,fmt/6
655,fmt/5
656,fmt/2
657,x-fmt/383
658,x-fmt/384
659,x-fmt/385
660,x-fmt/386
661,fmt/93
662,fmt/94
664,fmt/11
665,fmt/12
666,fmt/13
667,fmt/42
668,fmt/43
669,fmt/44
670,fmt/41
671,fmt/112
672,x-fmt/387
673,x-fmt/388
674,x-fmt/389
675,x-fmt/390
676,x-fmt/391
677,fmt/113
678,fmt/55
679,fmt/56
680,fmt/57
681,fmt/58
682,fmt/59
683,fmt/60
684,fmt/61
685,fmt/62
686,x-fmt/392
687,fmt/134
688,fmt/39
690,fmt/40
691,fmt/131
692,fmt/132
693,fmt/133
694,fmt/21
695,fmt/22
696,fmt/23
697,fmt/24
698,fmt/25
699,fmt/26
700,fmt/27
701,fmt/28
702,fmt/29
703,fmt/30
704,fmt/31
705,fmt/32
706,fmt/33
707,fmt/34
708,fmt/35
709,fmt/36
710,fmt/64
711,fmt/65
712,fmt/66
713,fmt/67
714,fmt/68
715,fmt/69
716,fmt/70
717,fmt/71
718,fmt/72
719,fmt/73
720,fmt/74
721,fmt/75
722,fmt/76
723,fmt/77
724,fmt/78
725,fmt/79
727,fmt/114
728,fmt/115
729,fmt/116
730,fmt/117
731,fmt/118
732,fmt/119
733,fmt/37
734,fmt/38
735,fmt/1
736,x-fmt/393
737,x-fmt/394
738,x-fmt/395
739,fmt/80
740,fmt/81
741,fmt/82
742,fmt/83
743,fmt/84
744,fmt/85
745,fmt/128
746,fmt/129
747,fmt/130
748,fmt/127
749,x-fmt/396
750,x-fmt/397
751,x-fmt/398
752,x-fmt/399
753,fmt/53
754,x-fmt/400
755,x-fmt/401
756,x-fmt/402
757,x-fmt/403
758,x-fmt/404
759,x-fmt/405
761,fmt/54
766,fmt/63
767,fmt/111
768,fmt/121
769,fmt/120
770,fmt/95
771,x-fmt/406
772,x-fmt/407
773,x-fmt/408
774,x-fmt/409
775,x-fmt/410
776,x-fmt/411
777,x-fmt/412
778,fmt/135
779,fmt/136
780,fmt/137
781,fmt/138
782,fmt/139
783,fmt/140
784,fmt/141
785,fmt/142
786,fmt/143
787,fmt/144
788,fmt/145
789,fmt/146
790,fmt/147
791,fmt/148
792,fmt/149
793,fmt/150
794,fmt/151
795,fmt/152
796,fmt/153
797,fmt/154
798,fmt/155
799,fmt/156
800,x-fmt/413
801,x-fmt/414
802,x-fmt/415
803,x-fmt/416
804,x-fmt/417
805,x-fmt/418
806,x-fmt/419
807,x-fmt/420
808,x-fmt/421
809,x-fmt/422
810,x-fmt/423
811,x-fmt/424
812,x-fmt/425
813,x-fmt/426
814,x-fmt/427
815,x-fmt/428
818,fmt/157
819,fmt/158
820,x-fmt/429
822,x-fmt/430
824,fmt/159
826,x-fmt/432
827,x-fmt/433
828,x-fmt/434
831,x-fmt/435
843,x-fmt/436
848,x-fmt/437
849,x-fmt/438
851,x-fmt/439
852,x-fmt/440
854,x-fmt/441
856,x-fmt/442
857,x-fmt/443
858,x-fmt/444
859,x-fmt/445
861,x-fmt/446
862,x-fmt/447
863,x-fmt/448
864,x-fmt/449
865,x-fmt/450
866,x-fmt/451
867,x-fmt/452
869,x-fmt/453
870,x-fmt/454
872,x-fmt/455
876,fmt/161
877,fmt/172
878,fmt/173
879,fmt/174
881,fmt/175
882,fmt/176
883,fmt/177
884,fmt/178
885,fmt/179
886,fmt/180
887,fmt/181
888,fmt/182
889,fmt/162
890,fmt/163
891,fmt/164
893,fmt/165
894,fmt/166
895,fmt/167
896,fmt/168
897,fmt/169
898,fmt/170
899,fmt/171
904,fmt/183
905,fmt/184
906,fmt/185
907,fmt/186
908,fmt/187
909,fmt/188
910,fmt/189
912,fmt/190
916,fmt/191
917,fmt/192
918,fmt/193
919,fmt/194
920,fmt/195
921,fmt/196
922,fmt/197
923,fmt/198
924,fmt/199
925,fmt/200
926,fmt/201
927,fmt/202
929,fmt/203
930,fmt/204
931,fmt/205
932,fmt/206
933,fmt/207
934,fmt/208
935,fmt/209
936,fmt/210
937,fmt/211
938,fmt/212
939,fmt/213
940,fmt/214
941,fmt/215
942,fmt/216
945,fmt/217
946,fmt/218
948,fmt/219
950,fmt/220
951,fmt/221
952,fmt/222
953,fmt/223
954,fmt/224
955,fmt/225
956,fmt/226
957,fmt/227
958,fmt/228
959,fmt/229
960,fmt/230
961,fmt/231
962,fmt/232
963,fmt/233
964,fmt/234
965,fmt/235
966,fmt/236
967,fmt/237
968,fmt/238
969,fmt/239
970,fmt/240
971,fmt/241
972,fmt/242
973,fmt/243
975,fmt/244
977,fmt/245
978,fmt/246
979,fmt/247
981,fmt/248
982,fmt/249
983,fmt/250
989,fmt/251
990,fmt/252
991,fmt/253
992,fmt/254
993,fmt/255
994,fmt/256
995,fmt/257
996,fmt/258
997,fmt/259
998,fmt/260
999,fmt/261
1000,fmt/262
1001,fmt/263
1002,fmt/264
1003,fmt/265
1004,fmt/266
1005,fmt/267
1006,fmt/268
1007,fmt/269
1008,fmt/270
1009,fmt/271
1010,fmt/272
1011,fmt/273
1013,fmt/274
1015,fmt/275
1016,fmt/276
1017,fmt/277
1018,fmt/278
1019,fmt/279
1020,fmt/280
1021,fmt/281
1022,fmt/282
1023,fmt/283
1024,fmt/284
1025,fmt/285
1026,fmt/286
1027,fmt/287
1028,fmt/288
1029,fmt/289
1033,fmt/290
1034,fmt/291
1035,fmt/292
1036,fmt/293
1037,fmt/294
1038,fmt/295
1039,fmt/296
1040,fmt/297
1042,fmt/298
1043,fmt/299
1044,fmt/300
1045,fmt/301
1047,fmt/302
1048,fmt/303
1049,fmt/304
1050,fmt/305
1051,fmt/306
1052,fmt/307
1053,fmt/308
1054,fmt/309
1055,fmt/310
1056,fmt/311
1057,fmt/312
1058,fmt/313
1059,fmt/314
1060,fmt/315
1061,fmt/316
1062,fmt/317
1063,fmt/318
1064,fmt/319
1065,fmt/320
1066,fmt/321
1067,fmt/322
1068,fmt/323
1069,fmt/324
1070,fmt/325
1071,fmt/326
1072,fmt/327
1073,fmt/328
1074,fmt/329
1075,fmt/330
1076,fmt/331
1077,fmt/332
1078,fmt/333
1079,fmt/334
1080,fmt/335
1081,fmt/336
1082,fmt/337
1083,fmt/338
1084,fmt/339
1085,fmt/340
1086,fmt/341
1087,fmt/342
1088,fmt/343
1089,fmt/344
1090,fmt/345
1091,fmt/346
1092,fmt/347
1093,fmt/348
1094,fmt/349
1095,fmt/350
1096,fmt/351
1097,fmt/352
1099,fmt/353
1100,fmt/354
1101,fmt/355
1102,fmt/356
1103,fmt/357
1104,fmt/358
1105,fmt/359
1107,fmt/360
1108,fmt/361
1109,fmt/362
1110,fmt/363
1111,fmt/364
1112,fmt/365
1113,fmt/366
1114,fmt/367
1115,fmt/368
1116,fmt/369
1117,fmt/370
1118,fmt/371
1119,fmt/372
1120,fmt/373
1121,fmt/374
1122,fmt/375
1123,fmt/376
1124,fmt/377
1125,fmt/378
1126,fmt/379
1127,fmt/380
1128,fmt/381
1129,fmt/382
1131,fmt/384
1132,fmt/383
1133,fmt/385
1134,fmt/386
1135,fmt/387
1136,fmt/388
1137,fmt/389
1138,fmt/390
1139,fmt/391
1140,fmt/392
1141,fmt/393
1142,fmt/394
1143,fmt/395
1144,fmt/396
1145,fmt/397
1146,fmt/398
1147,fmt/399
1148,fmt/400
1149,fmt/401
1150,fmt/402
1151,fmt/403
1152,fmt/404
1153,fmt/405
1154,fmt/406
1155,fmt/407
1156,fmt/408
1157,fmt/409
1158,fmt/410
1159,fmt/411
1160,fmt/412
1191,fmt/413
1192,fmt/414
1194,fmt/415
1198,fmt/416
1199,fmt/417
1200,fmt/418
1201,fmt/419
1202,fmt/420
1203,fmt/421
1204,fmt/422
1205,fmt/423
1206,fmt/424
1207,fmt/425
1210,fmt/426
1211,fmt/427
1213,fmt/428
1215,fmt/429
1216,fmt/430
1217,fmt/431
1218,fmt/432
1220,fmt/433
1221,fmt/434
1222,fmt/435
1223,fmt/436
1224,fmt/437
1225,fmt/438
1226,fmt/439
1227,fmt/440
1228,fmt/441
1229,fmt/442
1230,fmt/443
1231,fmt/444
1232,fmt/445
1233,fmt/446
1234,fmt/447
1235,fmt/448
1236,fmt/449
1237,fmt/450
1238,fmt/451
1239,fmt/452
1240,fmt/453
1241,fmt/454
1242,fmt/455
1243,fmt/456
1244,fmt/457
1245,fmt/458
1246,fmt/459
1247,fmt/460
1248,fmt/461
1249,fmt/462
1250,fmt/463
1251,fmt/464
1252,fmt/465
1253,fmt/466
1254,fmt/467
1255,fmt/468
1256,fmt/469
1257,fmt/470
1258,fmt/471
1259,fmt/472
1260,fmt/473
1261,fmt/474
1262,fmt/475
1263,fmt/476
1264,fmt/477
1265,fmt/478
1266,fmt/479
1267,fmt/480
1268,fmt/481
1269,fmt/482
1270,fmt/483
1271,fmt/484
1272,fmt/485
1273,fmt/486
1274,fmt/487
1275,fmt/488
1276,fmt/489
1277,fmt/490
1278,fmt/491
1279,fmt/492
1280,fmt/493
1281,fmt/494
1282,fmt/495
1283,fmt/496
1284,fmt/497
1285,fmt/498
1286,fmt/499
1287,fmt/500
1288,fmt/501
1289,fmt/502
1290,fmt/503
1291,fmt/504
1292,fmt/505
1293,fmt/506
1294,fmt/507
1295,fmt/508
1296,fmt/509
1297,fmt/510
1298,fmt/511
1299,fmt/512
1300,fmt/513
1301,fmt/514
1302,fmt/515
1303,fmt/516
1304,fmt/517
1305,fmt/518
1306,fmt/519
1307,fmt/520
1308,fmt/521
1309,fmt/522
1310,fmt/523
1311,fmt/524
1312,fmt/525
1313,fmt/526
1314,fmt/527
1315,fmt/528
1316,fmt/529
1317,fmt/530
1318,fmt/531
1319,fmt/532
1320,fmt/533
1321,fmt/534
1322,fmt/535
1323,fmt/536
1324,fmt/537
1325,fmt/538
1326,fmt/539
1327,fmt/540
1328,fmt/541
1329,fmt/542
1330,fmt/543
1331,fmt/544
1333,fmt/545
1334,fmt/546
1335,fmt/547
1336,fmt/548
1337,fmt/549
1338,fmt/550
1339,fmt/551
1340,fmt/552
1341,fmt/553
1342,fmt/554
1343,fmt/555
1344,fmt/556
1345,fmt/557
1346,fmt/558
1347,fmt/559
1348,fmt/560
1349,fmt/561
1350,fmt/562
1351,fmt/563
1352,fmt/564
1353,fmt/565
1354,fmt/566
1355,fmt/567
1356,fmt/568
1357,fmt/569
1358,fmt/570
1359,fmt/571
1360,fmt/572
1361,fmt/573
1362,fmt/574
1363,fmt/575
1364,fmt/576
1365,fmt/577
1366,fmt/578
1367,fmt/579
1368,fmt/580
1369,fmt/581
1370,fmt/582
1371,fmt/583
1372,fmt/584
1373,fmt/585
1374,fmt/586
1375,fmt/587
1380,fmt/588
1381,fmt/589
1382,fmt/590
1383,fmt/591
1384,fmt/592
1385,fmt/593
1386,fmt/594
1387,fmt/595
1388,fmt/596
1389,fmt/597
1390,fmt/598
1391,fmt/599
1392,fmt/600
1393,fmt/601
1394,fmt/602
1395,fmt/603
1396,fmt/604
1397,fmt/605
1398,fmt/606
1399,fmt/607
1400,fmt/608
1401,fmt/609
1406,fmt/610
1407,fmt/611
1408,fmt/612
1409,fmt/613
1410,fmt/614
1411,fmt/615
1412,fmt/616
1413,fmt/617
1414,fmt/618
1415,fmt/619
1416,fmt/620
1417,fmt/621
1418,fmt/622
1419,fmt/623
1420,fmt/624
1423,fmt/639
1424,fmt/625
1425,fmt/626
1426,fmt/627
1427,fmt/628
1428,fmt/629
1429,fmt/630
1430,fmt/631
1431,fmt/632
1432,fmt/633
1433,fmt/634
1434,fmt/635
1436,fmt/636
1437,fmt/637
1438,fmt/638
1439,fmt/640
1440,fmt/641
1441,fmt/642
1442,fmt/643
1443,fmt/644
1444,fmt/645
1445,fmt/646
1446,fmt/647
1447,fmt/648
1448,fmt/649
1449,fmt/650
1450,fmt/651
1451,fmt/652
1452,fmt/653
1453,fmt/654
1454,fmt/655
1455,fmt/656
1456,fmt/657
1457,fmt/658
1458,fmt/659
1459,fmt/660
1460,fmt/661
1461,fmt/662
1462,fmt/663
1463,fmt/664
1464,fmt/665
1465,fmt/666
1466,fmt/667
1467,fmt/668
1468,fmt/669
1469,fmt/670
1470,fmt/671
1471,fmt/672
1472,fmt/673
1473,fmt/674
1474,fmt/675
1475,fmt/676
1476,fmt/677
1477,fmt/678
1478,fmt/679
1479,fmt/680
1480,fmt/681
1481,fmt/682
1482,fmt/683
1483,fmt/684
1484,fmt/685
1485,fmt/686
1486,fmt/687
1487,fmt/688
1488,fmt/689
1489,fmt/690
1490,fmt/691
1491,fmt/692
1492,fmt/693
1493,fmt/694
1494,fmt/695
1495,fmt/696
1496,fmt/697
1497,fmt/698
1498,fmt/699
1499,fmt/700
1500,fmt/701
1501,fmt/702
1502,fmt/703
1503,fmt/704
1504,fmt/705
1505,fmt/706
1506,fmt/707
1507,fmt/708
1508,fmt/709
1509,fmt/710
1510,fmt/711
1511,fmt/712
1512,fmt/713
1513,fmt/714
1514,fmt/715
1515,fmt/716
1516,fmt/717
1517,fmt/718
1518,fmt/719
1519,fmt/720
1520,fmt/721
1521,fmt/722
1522,fmt/723
1523,fmt/724
1524,fmt/725
1525,fmt/726
1526,fmt/727
1527,fmt/728
1528,fmt/729
1529,fmt/730
1530,fmt/731
1531,fmt/732
1532,fmt/733
1533,fmt/734
1534,fmt/735
1535,fmt/736
1536,fmt/737
1537,fmt/738
1538,fmt/739
1539,fmt/740
1540,fmt/741
1541,fmt/742
1542,fmt/743
1543,fmt/744
1544,fmt/745
1545,fmt/746
1546,fmt/747
1547,fmt/748
1548,fmt/749
1549,fmt/750
1550,fmt/751
1551,fmt/752
1552,fmt/753
1553,fmt/754
1554,fmt/755
1555,fmt/756
1556,fmt/757
1557,fmt/758
1558,fmt/759
1559,fmt/760
1560,fmt/761
1561,fmt/762
1562,fmt/763
1563,fmt/764
1564,fmt/765
1565,fmt/766
1566,fmt/767
1567,fmt/768
1568,fmt/769
1569,fmt/770
1570,fmt/771
1571,fmt/772
1572,fmt/773
1573,fmt/774
1574,fmt/775
1575,fmt/776
1576,fmt/777
1577,fmt/778
1578,fmt/779
1579,fmt/780
1580,fmt/781
1581,fmt/782
1582,fmt/783
1583,fmt/784
1584,fmt/785
1585,fmt/786
1586,fmt/787
1587,fmt/788
1588,fmt/789
1589,fmt/790
1590,fmt/791
1591,fmt/792
1592,fmt/793
1593,fmt/794
1594,fmt/795
1595,fmt/796
1596,fmt/797
1598,fmt/798
1599,fmt/799
1600,fmt/800
1601,fmt/801
1602,fmt/802
1603,fmt/803
1604,fmt/804
1605,fmt/805
1606,fmt/806
1607,fmt/807
1608,fmt/808
1609,fmt/809
1610,fmt/810
1611,fmt/811
1612,fmt/812
1613,fmt/813
1614,fmt/814
1615,fmt/815
1616,fmt/816
1617,fmt/817
1618,fmt/818
1619,fmt/819
1620,fmt/820
1621,fmt/821
1622,fmt/822
1623,fmt/823
1624,fmt/824
1626,fmt/825
1627,fmt/826
1628,fmt/827
1629,fmt/828
1630,fmt/829
1631,fmt/830
1632,fmt/831
1633,fmt/832
1634,fmt/833
1635,fmt/834
1636,fmt/835
1637,fmt/836
1638,fmt/837
1639,fmt/838
1640,fmt/839
1641,fmt/840
1642,fmt/841
1643,fmt/842
1644,fmt/843
1645,fmt/844
1646,fmt/845
1647,fmt/846
1648,fmt/847
1649,fmt/848
1650,fmt/849
1651,fmt/850
1652,fmt/851
1653,fmt/852
1654,fmt/853
1655,fmt/854
1656,fmt/855
1657,fmt/856
1658,fmt/857
1659,fmt/858
1660,fmt/859
1661,fmt/860
1663,fmt/861
1664,fmt/862
1666,fmt/863
1667,fmt/864
1669,fmt/865
1670,fmt/866
1671,fmt/867
1672,fmt/868
1673,fmt/869
1674,fmt/870
1675,fmt/871
1676,fmt/872
1677,fmt/873
1678,fmt/874
1679,fmt/875
1680,fmt/876
1681,fmt/877
1682,fmt/878
1683,fmt/879
1684,fmt/880
1685,fmt/881
1686,fmt/882
1687,fmt/883
1688,fmt/884
1689,fmt/885
1690,fmt/886
1691,fmt/887
1692,fmt/888
1693,fmt/889
1694,fmt/890
1695,fmt/891
1696,fmt/892
1697,fmt/893
1698,fmt/894
1699,fmt/895
1700,fmt/896
1701,fmt/897
1702,fmt/898
1704,fmt/899
1705,fmt/900
1706,fmt/901
1707,fmt/902
1708,fmt/903
1709,fmt/904
1710,fmt/905
1711,fmt/906
1712,fmt/907
1713,fmt/908
1714,fmt/909
1715,fmt/910
1716,fmt/911
1717,fmt/912
1718,fmt/913
1719,fmt/914
1720,fmt/915
1721,fmt/916
1722,fmt/917
1723,fmt/918
1724,fmt/919
1725,fmt/920
1726,fmt/921
1727,fmt/922
1728,fmt/923
1729,fmt/924
1730,fmt/925
1731,fmt/926
1732,fmt/927
1733,fmt/928
1734,fmt/929
1735,fmt/930
1736,fmt/931
1737,fmt/932
1738,fmt/933
1739,fmt/934
1740,fmt/935
1741,fmt/936
1742,fmt/937
1743,fmt/938
1744,fmt/939
1745,fmt/940
1746,fmt/941
1747,fmt/942
1748,fmt/943
1749,fmt/944
1750,fmt/945
1751,fmt/946
1752,fmt/947
1753,fmt/948
1754,fmt/949
1755,fmt/950
1756,fmt/951
1757,fmt/952
1758,fmt/953
1759,fmt/954
1760,fmt/955
1761,fmt/956
1762,fmt/957
1763,fmt/958
1764,fmt/959
1765,fmt/960
1766,fmt/961
1767,fmt/962
1768,fmt/963
1769,fmt/964
1770,fmt/965
1771,fmt/966
1772,fmt/967
1773,fmt/968
1774,fmt/969
1775,fmt/970
1776,fmt/971
1777,fmt/972
1778,fmt/973
1779,fmt/974
1780,fmt/975
1781,fmt/976
1782,fmt/977
1783,fmt/978
1784,fmt/979
1785,fmt/980
1786,fmt/981
1787,fmt/982
1788,fmt/983
1789,fmt/984
1790,fmt/985
1791,fmt/986
1792,fmt/987
1793,fmt/988
1794,fmt/989
1795,fmt/990
1796,fmt/991
1797,fmt/992
1798,fmt/993
1799,fmt/994
1800,fmt/995
1801,fmt/996
1802,fmt/997
1803,fmt/998
1804,fmt/999
1805,fmt/1000
1806,fmt/1001
1807,fmt/1002
1808,fmt/1003
1809,fmt/1004
1810,fmt/1005
1811,fmt/1006
1812,fmt/1007
1813,fmt/1008
1814,fmt/1009
1815,fmt/1010
1816,fmt/1011
1817,fmt/1012
1818,fmt/1013
1819,fmt/1014
1820,fmt/1015
1821,fmt/1016
1822,fmt/1017
1823,fmt/1018
1824,fmt/1019
1825,fmt/1020
1826,fmt/1021
1827,fmt/1022
1828,fmt/1023
1829,fmt/1024
1830,fmt/1025
1831,fmt/1026
1832,fmt/1027
1833,fmt/1028
1834,fmt/1029
1835,fmt/1030
1836,fmt/1031
1837,fmt/1032
1838,fmt/1034
1839,fmt/1033
1840,fmt/1035
1841,fmt/1036
1842,fmt/1037
1843,fmt/1038
1844,fmt/1039
1845,fmt/1040
1846,fmt/1041
1847,fmt/1042
1848,fmt/1043
1849,fmt/1044
1850,fmt/1045
1851,fmt/1046
1852,fmt/1047
1853,fmt/1048
1854,fmt/1049
1855,fmt/1050
1856,fmt/1051
1857,fmt/1052
1858,fmt/1053
1859,fmt/1054
1860,fmt/1055
1861,fmt/1056
1862,fmt/1057
1863,fmt/1058
1864,fmt/1059
1866,fmt/1060
1867,fmt/1061
1868,fmt/1062
1870,fmt/1063
1871,fmt/1064
1872,fmt/1065
1873,fmt/1066
1874,fmt/1067
1875,fmt/1068
1876,fmt/1069
1877,fmt/1070
1878,fmt/1071
1879,fmt/1072
1880,fmt/1073
1881,fmt/1074
1882,fmt/1075
1883,fmt/1076
1884,fmt/1077
1886,fmt/1078
1887,fmt/1079
1888,fmt/1080
1889,fmt/1081
1890,fmt/1082
1891,fmt/1083
1892,fmt/1084
1893,fmt/1085
1894,fmt/1086
1895,fmt/1087
1896,fmt/1088
1897,fmt/1089
1898,fmt/1090
1899,fmt/1091
1900,fmt/1092
1901,fmt/1093
1902,fmt/1094
1903,fmt/1095
1904,fmt/1096
1905,fmt/1097
1906,fmt/1099
1907,fmt/1098
1908,fmt/1100
1909,fmt/1101
1910,fmt/1102
1911,fmt/1103
1912,fmt/1104
1913,fmt/1105
1914,fmt/1106
1915,fmt/1107
1916,fmt/1108
1917,fmt/1109
1918,fmt/1110
1919,fmt/1111
1920,fmt/1112
1921,fmt/1113
1922,fmt/1114
1923,fmt/1115
1924,fmt/1116
1925,fmt/1117
1926,fmt/1118
1929,fmt/1119
1930,fmt/1120
1931,fmt/1121
1932,fmt/1122
1933,fmt/1123
1934,fmt/1124
1935,fmt/1125
1936,fmt/1126
1937,fmt/1127
1938,fmt/1128
1939,fmt/1129
1940,fmt/1130
1941,fmt/1131
1942,fmt/1132
1943,fmt/1133
1944,fmt/1134
1945,fmt/1135
1946,fmt/1136
1947,fmt/1137
1948,fmt/1138
1949,fmt/1139
1950,fmt/1140
1951,fmt/1141
1952,fmt/1142
1953,fmt/1143
1954,fmt/1144
1955,fmt/1145
1956,fmt/1146
1957,fmt/1148
1958,fmt/1147
1959,fmt/1149
1960,fmt/1150
1961,fmt/1151
1962,fmt/1152
1963,fmt/1153
1964,fmt/1154
1965,fmt/1155
1966,fmt/1156
1967,fmt/1157
1968,fmt/1158
1969,fmt/1159
1970,fmt/1160
1971,fmt/1161
1972,fmt/1162
1973,fmt/1163
1974,fmt/1164
1975,fmt/1165
1976,fmt/1166
1977,fmt/1167
1978,fmt/1168
1979,fmt/1169
1980,fmt/1170
1981,fmt/1171
1982,fmt/1172
1983,fmt/1173
1984,fmt/1174
1985,fmt/1175
1986,fmt/1176
1987,fmt/1177
1988,fmt/1178
1989,fmt/1179
1990,fmt/1180
1991,fmt/1181
1992,fmt/1182
1993,fmt/1183
1994,fmt/1184
1995,fmt/1185
1996,fmt/1186
1997,fmt/1187
1998,fmt/1188
1999,fmt/1189
2000,fmt/1190
2001,fmt/1191
2002,fmt/1192
2003,fmt/1193
2004,fmt/1194
2005,fmt/1195
2006,fmt/1196
2007,fmt/1197
2008,fmt/1198
2009,fmt/1199
2010,fmt/1200
2011,fmt/1201
2012,fmt/1202
2013,fmt/1203
2014,fmt/1204
2015,fmt/1205
2016,fmt/1206
2017,fmt/1207
2018,fmt/1208
2019,fmt/1209
2020,fmt/1210
2021,fmt/1211
2022,fmt/1212
2023,fmt/1213
2024,fmt/1214
2025,fmt/1215
2026,fmt/1216
2027,fmt/1217
2028,fmt/1218
2029,fmt/1219
2030,fmt/1220
2031,fmt/1221
2032,fmt/1222
2033,fmt/1223
2034,fmt/1224
2035,fmt/1225
2036,fmt/1226
2037,fmt/1227
2040,fmt/1228
2041,fmt/1229
2042,fmt/1230
2044,fmt/1231
2045,fmt/1232
2046,fmt/1233
2052,fmt/1234
2053,fmt/1235
2054,fmt/1236
2055,fmt/1237
2056,fmt/1238
2057,fmt/1239
2058,fmt/1240
2059,fmt/1241
2060,fmt/1242
2061,fmt/1243
2062,fmt/1244
2063,fmt/1245
2064,fmt/1246
2065,fmt/1247
2066,fmt/1248
2067,fmt/1249
2068,fmt/1250
2069,fmt/1251
2070,fmt/1252
2071,fmt/1253
2072,fmt/1254
2073,fmt/1255
2074,fmt/1256
2075,fmt/1257
2076,fmt/1258
2077,fmt/1259
2078,fmt/1260
2079,fmt/1261
2080,fmt/1262
2081,fmt/1263
2082,fmt/1264
2083,fmt/1265
2084,fmt/1266
2085,fmt/1267
2086,fmt/1268
2087,fmt/1269
2088,fmt/1270
2089,fmt/1271
2090,fmt/1272
2091,fmt/1273
2092,fmt/1274
2093,fmt/1275
2094,fmt/1276
2095,fmt/1277
2096,fmt/1278
2097,fmt/1279
2098,fmt/1280
2099,fmt/1281
2100,fmt/1282
2101,fmt/1283
2102,fmt/1284
2103,fmt/1285
2104,fmt/1286
2105,fmt/1287
2106,fmt/1288
2107,fmt/1289
2108,fmt/1290
2109,fmt/1291
2110,fmt/1292
2111,fmt/1293
2112,fmt/1294
2113,fmt/1295
2114,fmt/1296
2115,fmt/1297
2116,fmt/1298
2117,fmt/1299
2118,fmt/1300
2119,fmt/1301
2120,fmt/1302
2121,fmt/1303
2122,fmt/1304
2123,fmt/1305
2124,fmt/1306
2125,fmt/1307
2126,fmt/1308
2127,fmt/1309
2128,fmt/1310
2129,fmt/1311
2130,fmt/1312
2131,fmt/1313
2132,fmt/1314
2133,fmt/1315
2134,fmt/1316
2135,fmt/1317
2136,fmt/1318
2137,fmt/1319
2138,fmt/1320
2139,fmt/1321
2140,fmt/1322
2141,fmt/1323
2142,fmt/1324
2143,fmt/1325
2144,fmt/1326
2145,fmt/1327
2146,fmt/1328
2147,fmt/1329
2148,fmt/1330
2149,fmt/1331
2150,fmt/1332
2151,fmt/1333
2152,fmt/1334
2153,fmt/1335
2154,fmt/1336
2155,fmt/1337
2156,fmt/1338
2157,fmt/1339
2158,fmt/1340
2159,fmt/1341
2160,fmt/1342
2161,fmt/1343
2162,fmt/1344
2163,fmt/1345
2164,fmt/1346
2165,fmt/1347
2166,fmt/1348
2167,fmt/1349
2168,fmt/1350
2169,fmt/1351
2170,fmt/1352
2171,fmt/1353
2172,fmt/1354
2173,fmt/1355
2174,fmt/1356
2175,fmt/1357
2176,fmt/1358
2177,fmt/1359
2178,fmt/1360
2179,fmt/1361
2180,fmt/1362
2181,fmt/1363
2182,fmt/1364
2183,fmt/1365
2184,fmt/1366
2185,fmt/1367
2186,fmt/1368
2187,fmt/1369
2188,fmt/1370
2189,fmt/1371
2190,fmt/1372
2191,fmt/1373
2192,fmt/1374
2193,fmt/1376
2194,fmt/1375
2195,fmt/1377
2196,fmt/1378
2197,fmt/1379
2198,fmt/1380
2199,fmt/1381
2200,fmt/1382
2201,fmt/1383
2202,fmt/1384
2203,fmt/1385
2204,fmt/1386
2205,fmt/1387
2206,fmt/1388
2207,fmt/1389
2208,fmt/1390
2209,fmt/1391
2210,fmt/1392
2211,fmt/1393
2212,fmt/1394
2213,fmt/1395
2214,fmt/1396
2215,fmt/1397
2216,fmt/1398
2217,fmt/1399
2218,fmt/1400
2219,fmt/1401
2220,fmt/1402
2221,fmt/1403
2222,fmt/1404
2223,fmt/1405
2224,fmt/1406
2225,fmt/1407
2226,fmt/1408
2227,fmt/1409
2228,fmt/1410
2229,fmt/1411
2230,fmt/1412
2231,fmt/1413
2232,fmt/1414
2233,fmt/1415
2234,fmt/1416
2235,fmt/1417
2236,fmt/1418
2237,fmt/1419
2238,fmt/1420
2239,fmt/1421
2240,fmt/1422
2241,fmt/1423
2242,fmt/1424
2243,fmt/1425
2244,fmt/1426
2245,fmt/1427
2246,fmt/1428
2247,fmt/1429
2248,fmt/1430
2249,fmt/1431
2250,fmt/1432
2251,fmt/1433
2252,fmt/1434
2253,fmt/1435
2254,fmt/1436
2255,fmt/1437
2256,fmt/1438
2257,fmt/1439
2258,fmt/1440
2259,fmt/1441
2260,fmt/1442
2261,fmt/1443
2262,fmt/1444
2263,fmt/1445
2264,fmt/1446
2265,fmt/1447
2266,fmt/1448
2269,fmt/1449
2270,fmt/1450
2272,fmt/1451
2274,fmt/1452
2275,fmt/1453
2277,fmt/1454
2278,fmt/1455
2279,fmt/1456
2280,fmt/1457
2281,fmt/1458
2282,fmt/1459
2283,fmt/1460
2284,fmt/1461
2285,fmt/1462
2286,fmt/1463
2287,fmt/1464
2288,fmt/1465
2289,fmt/1466
2290,fmt/1467
2291,fmt/1468
2292,fmt/1469
2293,fmt/1470
2294,fmt/1471
2295,fmt/1472
2296,fmt/1473
2297,fmt/1474
2298,fmt/1475
2299,fmt/1476
2300,fmt/1477
2301,fmt/1478
2302,fmt/1479
2303,fmt/1480
2304,fmt/1481
2305,fmt/1482
2306,fmt/1483
2307,fmt/1484
2308,fmt/1485
2309,fmt/1486
2310,fmt/1487
2311,fmt/1488
2312,fmt/1489
2313,fmt/1490
2314,fmt/1491
2315,fmt/1492
2316,fmt/1493
2317,fmt/1494
2318,fmt/1495
2319,fmt/1496
2320,fmt/1497
2321,fmt/1498
2322,fmt/1499
2323,fmt/1500
2324,fmt/1501
2325,fmt/1502
2326,fmt/1503
2327,fmt/1504
2328,fmt/1505
2329,fmt/1506
2330,fmt/1507
2331,fmt/1508
2332,fmt/1509
2333,fmt/1510
2335,fmt/1511
2336,fmt/1512
2337,fmt/1513
2338,fmt/1514
2339,fmt/1515
2340,fmt/1516
2341,fmt/1517
2342,fmt/1518
2343,fmt/1519
2344,fmt/1520
2345,fmt/1521
2346,fmt/1522
2347,fmt/1523
2348,fmt/1524
2349,fmt/1525
2350,fmt/1526
2351,fmt/1527
2352,fmt/1528
2353,fmt/1529
2354,fmt/1530
2355,fmt/1531
2356,fmt/1532
2357,fmt/1533
2358,fmt/1534
2359,fmt/1535
2360,fmt/1536
2361,fmt/1537
2362,fmt/1538
2363,fmt/1539
2364,fmt/1540
2366,fmt/1541
2367,fmt/1542
2368,fmt/1543
2369,fmt/1544
2370,fmt/1545
2371,fmt/1546
2372,fmt/1547
2373,fmt/1548
2374,fmt/1549
2375,fmt/1550
2376,fmt/1551
2377,fmt/1552
2378,fmt/1553
2379,fmt/1554
2380,fmt/1555
2381,fmt/1556
2382,fmt/1557
2383,fmt/1558
2384,fmt/1559
2385,fmt/1560
2386,fmt/1561
2387,fmt/1562
2388,fmt/1563
2389,fmt/1564
2390,fmt/1565
2391,fmt/1566
2392,fmt/1567
2393,fmt/1568
2394,fmt/1569
2395,fmt/1570
2396,fmt/1571
2397,fmt/1572
